Date,Dhaka,Pollution Category,Chattogram,Pollution Category2,Gazipur,Pollution Category3,Narayanganj,Pollution Category4,Sylhet,Pollution Category5,Khulna,Pollution Category6,Rajshahi,Pollution Category7,Barishal,Pollution Category8,Savar,Pollution Category9,Mymensingh,Pollution Category10,Cumilla,Pollution Category11,Norshingdi,Pollution Category12,Rangpur,Pollution Category13
5/9/2024,158,UNHEALTHY,101,CAUTION,198,UNHEALTHY,140,CAUTION,112,CAUTION,97,MODERATE,138,CAUTION,57,MODERATE,143,CAUTION,178,UNHEALTHY,173,UNHEALTHY,DNA,,204,Very Unhealthy
5/9/2024,158,UNHEALTHY,101,CAUTION,198,UNHEALTHY,140,CAUTION,112,CAUTION,97,MODERATE,138,CAUTION,57,MODERATE,143,CAUTION,178,UNHEALTHY,173,UNHEALTHY,DNA,,204,Very Unhealthy
5/11/2024,100,MODERATE,103,CAUTION,116,CAUTION,105,CAUTION,66,MODERATE,53,MODERATE,104,CAUTION,40,GOOD,DNA,,156,UNHEALTHY,160,UNHEALTHY,DNA,,169,UNHEALTHY
5/11/2024,100,MODERATE,103,CAUTION,116,CAUTION,105,CAUTION,66,MODERATE,53,MODERATE,104,CAUTION,40,GOOD,DNA,,156,UNHEALTHY,160,UNHEALTHY,DNA,,169,UNHEALTHY
3/8/2024,166,UNHEALTHY,104,CAUTION,186,UNHEALTHY,246,Very Unhealthy,DNA,,173,UNHEALTHY,192,UNHEALTHY,112,CAUTION,201,Very Unhealthy,247,Very Unhealthy,254,Very Unhealthy,175,UNHEALTHY,183,UNHEALTHY
3/8/2024,166,UNHEALTHY,104,CAUTION,186,UNHEALTHY,246,Very Unhealthy,DNA,,173,UNHEALTHY,192,UNHEALTHY,112,CAUTION,201,Very Unhealthy,247,Very Unhealthy,254,Very Unhealthy,175,UNHEALTHY,183,UNHEALTHY
4/30/2024,120,CAUTION,104,CAUTION,145,CAUTION,125,CAUTION,75,MODERATE,147,CAUTION,174,UNHEALTHY,87,MODERATE,169,UNHEALTHY,225,Very Unhealthy,157,UNHEALTHY,DNA,,209,Very Unhealthy
4/30/2024,120,CAUTION,104,CAUTION,145,CAUTION,125,CAUTION,75,MODERATE,147,CAUTION,174,UNHEALTHY,87,MODERATE,169,UNHEALTHY,225,Very Unhealthy,157,UNHEALTHY,DNA,,209,Very Unhealthy
4/19/2024,136,CAUTION,106,CAUTION,DNA,,DNA,,DNA,,DNA,,200,UNHEALTHY,96,MODERATE,156,UNHEALTHY,157,UNHEALTHY,DNA,,DNA,,174,UNHEALTHY
4/19/2024,136,CAUTION,106,CAUTION,DNA,,DNA,,DNA,,DNA,,200,UNHEALTHY,96,MODERATE,156,UNHEALTHY,157,UNHEALTHY,DNA,,DNA,,174,UNHEALTHY
4/4/2024,147,CAUTION,107,CAUTION,151,UNHEALTHY,DNA,,61,MODERATE,112,CAUTION,164,UNHEALTHY,95,MODERATE,158,UNHEALTHY,194,UNHEALTHY,155,UNHEALTHY,154,UNHEALTHY,278,Very Unhealthy
4/4/2024,147,CAUTION,107,CAUTION,151,UNHEALTHY,DNA,,61,MODERATE,112,CAUTION,164,UNHEALTHY,95,MODERATE,158,UNHEALTHY,194,UNHEALTHY,155,UNHEALTHY,154,UNHEALTHY,278,Very Unhealthy
4/6/2024,150,CAUTION,109,CAUTION,160,UNHEALTHY,DNA,,60,MODERATE,107,CAUTION,203,Very Unhealthy,146,CAUTION,165,UNHEALTHY,197,UNHEALTHY,152,UNHEALTHY,155,UNHEALTHY,222,Very Unhealthy
4/6/2024,150,CAUTION,109,CAUTION,160,UNHEALTHY,DNA,,60,MODERATE,107,CAUTION,203,Very Unhealthy,146,CAUTION,165,UNHEALTHY,197,UNHEALTHY,152,UNHEALTHY,155,UNHEALTHY,222,Very Unhealthy
5/17/2024,124,CAUTION,109,CAUTION,166,UNHEALTHY,146,CAUTION,109,CAUTION,DNA,,206,Very Unhealthy,57,MODERATE,169,UNHEALTHY,182,UNHEALTHY,156,UNHEALTHY,197,UNHEALTHY,186,UNHEALTHY
5/17/2024,124,CAUTION,109,CAUTION,166,UNHEALTHY,146,CAUTION,109,CAUTION,DNA,,206,Very Unhealthy,57,MODERATE,169,UNHEALTHY,182,UNHEALTHY,156,UNHEALTHY,197,UNHEALTHY,186,UNHEALTHY
4/9/2024,172,UNHEALTHY,110,CAUTION,181,UNHEALTHY,DNA,,97,MODERATE,144,CAUTION,174,UNHEALTHY,149,CAUTION,207,Very Unhealthy,202,Very Unhealthy,217,Very Unhealthy,183,UNHEALTHY,253,Very Unhealthy
4/9/2024,172,UNHEALTHY,110,CAUTION,181,UNHEALTHY,DNA,,97,MODERATE,144,CAUTION,174,UNHEALTHY,149,CAUTION,207,Very Unhealthy,202,Very Unhealthy,217,Very Unhealthy,183,UNHEALTHY,253,Very Unhealthy
4/18/2024,147,CAUTION,111,CAUTION,DNA,,DNA,,DNA,,70,MODERATE,173,UNHEALTHY,103,CAUTION,150,CAUTION,152,UNHEALTHY,DNA,,DNA,,195,UNHEALTHY
4/18/2024,147,CAUTION,111,CAUTION,DNA,,DNA,,DNA,,70,MODERATE,173,UNHEALTHY,103,CAUTION,150,CAUTION,152,UNHEALTHY,DNA,,DNA,,195,UNHEALTHY
5/15/2024,144,CAUTION,111,CAUTION,167,UNHEALTHY,DNA,,116,CAUTION,199,UNHEALTHY,220,Very Unhealthy,84,MODERATE,156,UNHEALTHY,194,UNHEALTHY,173,UNHEALTHY,DNA,,196,UNHEALTHY
5/20/2024,144,CAUTION,111,CAUTION,167,UNHEALTHY,DNA,,116,CAUTION,199,UNHEALTHY,220,Very Unhealthy,84,MODERATE,156,UNHEALTHY,194,UNHEALTHY,173,UNHEALTHY,DNA,,196,UNHEALTHY
5/15/2024,144,CAUTION,111,CAUTION,167,UNHEALTHY,DNA,,116,CAUTION,199,UNHEALTHY,220,Very Unhealthy,84,MODERATE,156,UNHEALTHY,194,UNHEALTHY,173,UNHEALTHY,DNA,,196,UNHEALTHY
5/20/2024,144,CAUTION,111,CAUTION,167,UNHEALTHY,DNA,,116,CAUTION,199,UNHEALTHY,220,Very Unhealthy,84,MODERATE,156,UNHEALTHY,194,UNHEALTHY,173,UNHEALTHY,DNA,,196,UNHEALTHY
4/24/2024,146,CAUTION,112,CAUTION,173,UNHEALTHY,154,UNHEALTHY,84,MODERATE,100,MODERATE,131,CAUTION,121,CAUTION,161,UNHEALTHY,187,UNHEALTHY,172,UNHEALTHY,DNA,,177,UNHEALTHY
4/24/2024,146,CAUTION,112,CAUTION,173,UNHEALTHY,154,UNHEALTHY,84,MODERATE,100,MODERATE,131,CAUTION,121,CAUTION,161,UNHEALTHY,187,UNHEALTHY,172,UNHEALTHY,DNA,,177,UNHEALTHY
3/23/2024,178,UNHEALTHY,112,CAUTION,193,UNHEALTHY,160,UNHEALTHY,76,MODERATE,145,CAUTION,99,MODERATE,128,CAUTION,197,UNHEALTHY,154,UNHEALTHY,171,UNHEALTHY,160,UNHEALTHY,239,Very Unhealthy
3/23/2024,178,UNHEALTHY,112,CAUTION,193,UNHEALTHY,160,UNHEALTHY,76,MODERATE,145,CAUTION,99,MODERATE,128,CAUTION,197,UNHEALTHY,154,UNHEALTHY,171,UNHEALTHY,160,UNHEALTHY,239,Very Unhealthy
4/23/2024,136,CAUTION,114,CAUTION,DNA,,129,CAUTION,93,MODERATE,174,UNHEALTHY,155,UNHEALTHY,103,CAUTION,156,UNHEALTHY,191,UNHEALTHY,163,UNHEALTHY,DNA,,200,UNHEALTHY
4/23/2024,136,CAUTION,114,CAUTION,DNA,,129,CAUTION,93,MODERATE,174,UNHEALTHY,155,UNHEALTHY,103,CAUTION,156,UNHEALTHY,191,UNHEALTHY,163,UNHEALTHY,DNA,,200,UNHEALTHY
2/23/2024,167,UNHEALTHY,114,CAUTION,145,CAUTION,241,Very Unhealthy,68,MODERATE,108,CAUTION,167,UNHEALTHY,128,CAUTION,160,UNHEALTHY,DNA,,148,CAUTION,DNA,,180,UNHEALTHY
2/23/2024,167,UNHEALTHY,114,CAUTION,145,CAUTION,241,Very Unhealthy,68,MODERATE,108,CAUTION,167,UNHEALTHY,128,CAUTION,160,UNHEALTHY,DNA,,148,CAUTION,DNA,,180,UNHEALTHY
2/26/2024,148,CAUTION,116,CAUTION,179,UNHEALTHY,172,UNHEALTHY,DNA,,115,CAUTION,170,UNHEALTHY,160,UNHEALTHY,165,UNHEALTHY,188,UNHEALTHY,154,UNHEALTHY,164,UNHEALTHY,233,Very Unhealthy
2/26/2024,148,CAUTION,116,CAUTION,179,UNHEALTHY,172,UNHEALTHY,DNA,,115,CAUTION,170,UNHEALTHY,160,UNHEALTHY,165,UNHEALTHY,188,UNHEALTHY,154,UNHEALTHY,164,UNHEALTHY,233,Very Unhealthy
5/23/2024,176,UNHEALTHY,116,CAUTION,178,UNHEALTHY,DNA,,82,MODERATE,DNA,,112,CAUTION,90,MODERATE,168,UNHEALTHY,167,UNHEALTHY,133,CAUTION,186,UNHEALTHY,200,UNHEALTHY
5/23/2024,176,UNHEALTHY,116,CAUTION,178,UNHEALTHY,DNA,,82,MODERATE,DNA,,112,CAUTION,90,MODERATE,168,UNHEALTHY,167,UNHEALTHY,133,CAUTION,186,UNHEALTHY,200,UNHEALTHY
3/24/2024,150,CAUTION,116,CAUTION,127,CAUTION,183,UNHEALTHY,65,MODERATE,69,MODERATE,68,MODERATE,84,MODERATE,154,UNHEALTHY,146,CAUTION,141,CAUTION,132,CAUTION,180,UNHEALTHY
3/24/2024,150,CAUTION,116,CAUTION,127,CAUTION,183,UNHEALTHY,65,MODERATE,69,MODERATE,68,MODERATE,84,MODERATE,154,UNHEALTHY,146,CAUTION,141,CAUTION,132,CAUTION,180,UNHEALTHY
3/22/2024,157,UNHEALTHY,117,CAUTION,157,UNHEALTHY,175,UNHEALTHY,DNA,,144,CAUTION,110,CAUTION,95,MODERATE,159,UNHEALTHY,159,UNHEALTHY,148,CAUTION,148,CAUTION,185,UNHEALTHY
3/22/2024,157,UNHEALTHY,117,CAUTION,157,UNHEALTHY,175,UNHEALTHY,DNA,,144,CAUTION,110,CAUTION,95,MODERATE,159,UNHEALTHY,159,UNHEALTHY,148,CAUTION,148,CAUTION,185,UNHEALTHY
3/26/2024,133,CAUTION,117,CAUTION,106,CAUTION,119,CAUTION,96,MODERATE,90,MODERATE,142,CAUTION,80,MODERATE,121,CAUTION,147,CAUTION,140,CAUTION,128,CAUTION,160,UNHEALTHY
3/26/2024,133,CAUTION,117,CAUTION,106,CAUTION,119,CAUTION,96,MODERATE,90,MODERATE,142,CAUTION,80,MODERATE,121,CAUTION,147,CAUTION,140,CAUTION,128,CAUTION,160,UNHEALTHY
3/21/2024,159,UNHEALTHY,122,CAUTION,142,CAUTION,163,UNHEALTHY,DNA,,69,MODERATE,50,GOOD,81,MODERATE,163,UNHEALTHY,146,CAUTION,141,CAUTION,167,UNHEALTHY,180,UNHEALTHY
3/21/2024,159,UNHEALTHY,122,CAUTION,142,CAUTION,163,UNHEALTHY,DNA,,69,MODERATE,50,GOOD,81,MODERATE,163,UNHEALTHY,146,CAUTION,141,CAUTION,167,UNHEALTHY,180,UNHEALTHY
5/8/2024,142,CAUTION,122,CAUTION,129,CAUTION,161,UNHEALTHY,88,MODERATE,74,MODERATE,73,MODERATE,44,GOOD,149,CAUTION,185,UNHEALTHY,166,UNHEALTHY,DNA,,185,UNHEALTHY
5/8/2024,142,CAUTION,122,CAUTION,129,CAUTION,161,UNHEALTHY,88,MODERATE,74,MODERATE,73,MODERATE,44,GOOD,149,CAUTION,185,UNHEALTHY,166,UNHEALTHY,DNA,,185,UNHEALTHY
3/7/2024,202,Very Unhealthy,123,CAUTION,195,UNHEALTHY,270,Very Unhealthy,DNA,,168,UNHEALTHY,178,UNHEALTHY,171,UNHEALTHY,203,Very Unhealthy,192,UNHEALTHY,242,Very Unhealthy,166,UNHEALTHY,176,UNHEALTHY
3/7/2024,202,Very Unhealthy,123,CAUTION,195,UNHEALTHY,270,Very Unhealthy,DNA,,168,UNHEALTHY,178,UNHEALTHY,171,UNHEALTHY,203,Very Unhealthy,192,UNHEALTHY,242,Very Unhealthy,166,UNHEALTHY,176,UNHEALTHY
3/2/2024,175,UNHEALTHY,126,CAUTION,203,Very Unhealthy,247,Very Unhealthy,DNA,,202,Very Unhealthy,179,UNHEALTHY,186,UNHEALTHY,192,UNHEALTHY,301,Extremely Unhealthy,DNA,,176,UNHEALTHY,212,Very Unhealthy
3/2/2024,175,UNHEALTHY,126,CAUTION,203,Very Unhealthy,247,Very Unhealthy,DNA,,202,Very Unhealthy,179,UNHEALTHY,186,UNHEALTHY,192,UNHEALTHY,301,Extremely Unhealthy,DNA,,176,UNHEALTHY,212,Very Unhealthy
5/25/2024,151,UNHEALTHY,126,CAUTION,152,UNHEALTHY,DNA,,54,MODERATE,DNA,,115,CAUTION,157,UNHEALTHY,173,UNHEALTHY,164,UNHEALTHY,74,MODERATE,153,UNHEALTHY,171,UNHEALTHY
5/25/2024,151,UNHEALTHY,126,CAUTION,152,UNHEALTHY,DNA,,54,MODERATE,DNA,,115,CAUTION,157,UNHEALTHY,173,UNHEALTHY,164,UNHEALTHY,74,MODERATE,153,UNHEALTHY,171,UNHEALTHY
5/7/2024,127,CAUTION,129,CAUTION,104,CAUTION,124,CAUTION,68,MODERATE,46,GOOD,101,CAUTION,44,GOOD,123,CAUTION,160,UNHEALTHY,89,MODERATE,DNA,,143,CAUTION
5/7/2024,127,CAUTION,129,CAUTION,104,CAUTION,124,CAUTION,68,MODERATE,46,GOOD,101,CAUTION,44,GOOD,123,CAUTION,160,UNHEALTHY,89,MODERATE,DNA,,143,CAUTION
2/27/2024,182,UNHEALTHY,131,CAUTION,199,UNHEALTHY,201,Very Unhealthy,DNA,,141,CAUTION,172,UNHEALTHY,161,UNHEALTHY,206,Very Unhealthy,203,Very Unhealthy,195,UNHEALTHY,170,UNHEALTHY,280,Very Unhealthy
3/14/2024,158,UNHEALTHY,131,CAUTION,166,UNHEALTHY,178,UNHEALTHY,DNA,,118,CAUTION,178,UNHEALTHY,63,MODERATE,171,UNHEALTHY,271,Very Unhealthy,178,UNHEALTHY,176,UNHEALTHY,197,UNHEALTHY
2/27/2024,182,UNHEALTHY,131,CAUTION,199,UNHEALTHY,201,Very Unhealthy,DNA,,141,CAUTION,172,UNHEALTHY,161,UNHEALTHY,206,Very Unhealthy,203,Very Unhealthy,195,UNHEALTHY,170,UNHEALTHY,280,Very Unhealthy
3/14/2024,158,UNHEALTHY,131,CAUTION,166,UNHEALTHY,178,UNHEALTHY,DNA,,118,CAUTION,178,UNHEALTHY,63,MODERATE,171,UNHEALTHY,271,Very Unhealthy,178,UNHEALTHY,176,UNHEALTHY,197,UNHEALTHY
3/1/2024,173,UNHEALTHY,132,CAUTION,179,UNHEALTHY,245,Very Unhealthy,DNA,,187,UNHEALTHY,171,UNHEALTHY,164,UNHEALTHY,190,UNHEALTHY,300,Very Unhealthy,224,Very Unhealthy,181,UNHEALTHY,201,Very Unhealthy
3/1/2024,173,UNHEALTHY,132,CAUTION,179,UNHEALTHY,245,Very Unhealthy,DNA,,187,UNHEALTHY,171,UNHEALTHY,164,UNHEALTHY,190,UNHEALTHY,300,Very Unhealthy,224,Very Unhealthy,181,UNHEALTHY,201,Very Unhealthy
5/14/2024,144,CAUTION,132,CAUTION,163,UNHEALTHY,DNA,,95,MODERATE,191,UNHEALTHY,158,UNHEALTHY,81,MODERATE,152,UNHEALTHY,199,UNHEALTHY,165,UNHEALTHY,198,UNHEALTHY,196,UNHEALTHY
5/14/2024,144,CAUTION,132,CAUTION,163,UNHEALTHY,DNA,,95,MODERATE,191,UNHEALTHY,158,UNHEALTHY,81,MODERATE,152,UNHEALTHY,199,UNHEALTHY,165,UNHEALTHY,198,UNHEALTHY,196,UNHEALTHY
3/30/2024,144,CAUTION,133,CAUTION,161,UNHEALTHY,113,CAUTION,95,MODERATE,71,MODERATE,175,UNHEALTHY,83,MODERATE,162,UNHEALTHY,167,UNHEALTHY,153,UNHEALTHY,150,CAUTION,223,Very Unhealthy
3/30/2024,144,CAUTION,133,CAUTION,161,UNHEALTHY,113,CAUTION,95,MODERATE,71,MODERATE,175,UNHEALTHY,83,MODERATE,162,UNHEALTHY,167,UNHEALTHY,153,UNHEALTHY,150,CAUTION,223,Very Unhealthy
4/17/2024,147,CAUTION,134,CAUTION,169,UNHEALTHY,158,UNHEALTHY,123,CAUTION,125,CAUTION,154,UNHEALTHY,104,CAUTION,159,UNHEALTHY,209,Very Unhealthy,157,UNHEALTHY,151,UNHEALTHY,225,Very Unhealthy
4/17/2024,147,CAUTION,134,CAUTION,169,UNHEALTHY,158,UNHEALTHY,123,CAUTION,125,CAUTION,154,UNHEALTHY,104,CAUTION,159,UNHEALTHY,209,Very Unhealthy,157,UNHEALTHY,151,UNHEALTHY,225,Very Unhealthy
3/9/2024,168,UNHEALTHY,137,CAUTION,191,UNHEALTHY,240,Very Unhealthy,DNA,,167,UNHEALTHY,170,UNHEALTHY,109,CAUTION,180,UNHEALTHY,177,UNHEALTHY,200,UNHEALTHY,167,UNHEALTHY,173,UNHEALTHY
3/9/2024,168,UNHEALTHY,137,CAUTION,191,UNHEALTHY,240,Very Unhealthy,DNA,,167,UNHEALTHY,170,UNHEALTHY,109,CAUTION,180,UNHEALTHY,177,UNHEALTHY,200,UNHEALTHY,167,UNHEALTHY,173,UNHEALTHY
4/29/2024,129,CAUTION,139,CAUTION,DNA,,151,UNHEALTHY,81,MODERATE,121,CAUTION,149,CAUTION,104,CAUTION,149,CAUTION,188,UNHEALTHY,167,UNHEALTHY,DNA,,190,UNHEALTHY
4/29/2024,129,CAUTION,139,CAUTION,DNA,,151,UNHEALTHY,81,MODERATE,121,CAUTION,149,CAUTION,104,CAUTION,149,CAUTION,188,UNHEALTHY,167,UNHEALTHY,DNA,,190,UNHEALTHY
3/27/2024,165,UNHEALTHY,140,CAUTION,171,UNHEALTHY,151,UNHEALTHY,77,MODERATE,115,CAUTION,166,UNHEALTHY,91,MODERATE,169,UNHEALTHY,162,UNHEALTHY,166,UNHEALTHY,156,UNHEALTHY,136,CAUTION
3/27/2024,165,UNHEALTHY,140,CAUTION,171,UNHEALTHY,151,UNHEALTHY,77,MODERATE,115,CAUTION,166,UNHEALTHY,91,MODERATE,169,UNHEALTHY,162,UNHEALTHY,166,UNHEALTHY,156,UNHEALTHY,136,CAUTION
3/28/2024,186,UNHEALTHY,140,CAUTION,152,UNHEALTHY,137,CAUTION,113,CAUTION,96,MODERATE,140,CAUTION,105,CAUTION,171,UNHEALTHY,181,UNHEALTHY,151,UNHEALTHY,129,CAUTION,144,CAUTION
3/28/2024,186,UNHEALTHY,140,CAUTION,152,UNHEALTHY,137,CAUTION,113,CAUTION,96,MODERATE,140,CAUTION,105,CAUTION,171,UNHEALTHY,181,UNHEALTHY,151,UNHEALTHY,129,CAUTION,144,CAUTION
3/29/2024,190,UNHEALTHY,141,CAUTION,161,UNHEALTHY,140,CAUTION,95,MODERATE,132,CAUTION,178,UNHEALTHY,128,CAUTION,184,UNHEALTHY,179,UNHEALTHY,165,UNHEALTHY,142,CAUTION,231,Very Unhealthy
3/29/2024,190,UNHEALTHY,141,CAUTION,161,UNHEALTHY,140,CAUTION,95,MODERATE,132,CAUTION,178,UNHEALTHY,128,CAUTION,184,UNHEALTHY,179,UNHEALTHY,165,UNHEALTHY,142,CAUTION,231,Very Unhealthy
2/22/2024,152,UNHEALTHY,141,CAUTION,184,UNHEALTHY,145,CAUTION,88,MODERATE,101,CAUTION,120,CAUTION,98,MODERATE,169,UNHEALTHY,193,UNHEALTHY,160,UNHEALTHY,164,UNHEALTHY,DNA,
2/22/2024,152,UNHEALTHY,141,CAUTION,184,UNHEALTHY,145,CAUTION,88,MODERATE,101,CAUTION,120,CAUTION,98,MODERATE,169,UNHEALTHY,193,UNHEALTHY,160,UNHEALTHY,164,UNHEALTHY,DNA,
2/25/2024,144,CAUTION,142,CAUTION,142,CAUTION,164,UNHEALTHY,DNA,,181,UNHEALTHY,139,CAUTION,171,UNHEALTHY,164,UNHEALTHY,192,UNHEALTHY,172,UNHEALTHY,DNA,,198,UNHEALTHY
3/6/2024,176,UNHEALTHY,142,CAUTION,268,Very Unhealthy,221,Very Unhealthy,DNA,,170,UNHEALTHY,148,CAUTION,142,CAUTION,192,UNHEALTHY,192,UNHEALTHY,203,Very Unhealthy,170,UNHEALTHY,154,UNHEALTHY
2/25/2024,144,CAUTION,142,CAUTION,142,CAUTION,164,UNHEALTHY,DNA,,181,UNHEALTHY,139,CAUTION,171,UNHEALTHY,164,UNHEALTHY,192,UNHEALTHY,172,UNHEALTHY,DNA,,198,UNHEALTHY
3/6/2024,176,UNHEALTHY,142,CAUTION,268,Very Unhealthy,221,Very Unhealthy,DNA,,170,UNHEALTHY,148,CAUTION,142,CAUTION,192,UNHEALTHY,192,UNHEALTHY,203,Very Unhealthy,170,UNHEALTHY,154,UNHEALTHY
4/7/2024,152,UNHEALTHY,144,CAUTION,163,UNHEALTHY,DNA,,54,MODERATE,135,CAUTION,190,UNHEALTHY,135,CAUTION,160,UNHEALTHY,187,UNHEALTHY,172,UNHEALTHY,162,UNHEALTHY,192,UNHEALTHY
4/7/2024,152,UNHEALTHY,144,CAUTION,163,UNHEALTHY,DNA,,54,MODERATE,135,CAUTION,190,UNHEALTHY,135,CAUTION,160,UNHEALTHY,187,UNHEALTHY,172,UNHEALTHY,162,UNHEALTHY,192,UNHEALTHY
3/10/2024,185,UNHEALTHY,145,CAUTION,180,UNHEALTHY,213,Very Unhealthy,DNA,,175,UNHEALTHY,174,UNHEALTHY,101,CAUTION,169,UNHEALTHY,187,UNHEALTHY,182,UNHEALTHY,171,UNHEALTHY,182,UNHEALTHY
3/10/2024,185,UNHEALTHY,145,CAUTION,180,UNHEALTHY,213,Very Unhealthy,DNA,,175,UNHEALTHY,174,UNHEALTHY,101,CAUTION,169,UNHEALTHY,187,UNHEALTHY,182,UNHEALTHY,171,UNHEALTHY,182,UNHEALTHY
2/24/2024,162,UNHEALTHY,146,CAUTION,160,UNHEALTHY,148,CAUTION,68,MODERATE,166,UNHEALTHY,155,UNHEALTHY,150,CAUTION,174,UNHEALTHY,270,Very Unhealthy,152,UNHEALTHY,166,UNHEALTHY,237,Very Unhealthy
2/24/2024,162,UNHEALTHY,146,CAUTION,160,UNHEALTHY,148,CAUTION,68,MODERATE,166,UNHEALTHY,155,UNHEALTHY,150,CAUTION,174,UNHEALTHY,270,Very Unhealthy,152,UNHEALTHY,166,UNHEALTHY,237,Very Unhealthy
2/28/2024,229,Very Unhealthy,147,CAUTION,246,Very Unhealthy,328,Extremely Unhealthy,DNA,,163,UNHEALTHY,216,Very Unhealthy,165,UNHEALTHY,244,Very Unhealthy,253,Very Unhealthy,268,Very Unhealthy,209,Very Unhealthy,256,Very Unhealthy
2/28/2024,229,Very Unhealthy,147,CAUTION,246,Very Unhealthy,328,Extremely Unhealthy,DNA,,163,UNHEALTHY,216,Very Unhealthy,165,UNHEALTHY,244,Very Unhealthy,253,Very Unhealthy,268,Very Unhealthy,209,Very Unhealthy,256,Very Unhealthy
3/5/2024,174,UNHEALTHY,148,CAUTION,192,UNHEALTHY,196,UNHEALTHY,DNA,,155,UNHEALTHY,138,CAUTION,155,UNHEALTHY,180,UNHEALTHY,173,UNHEALTHY,207,Very Unhealthy,DNA,,160,UNHEALTHY
3/5/2024,174,UNHEALTHY,148,CAUTION,192,UNHEALTHY,196,UNHEALTHY,DNA,,155,UNHEALTHY,138,CAUTION,155,UNHEALTHY,180,UNHEALTHY,173,UNHEALTHY,207,Very Unhealthy,DNA,,160,UNHEALTHY
4/27/2024,112,CAUTION,148,CAUTION,DNA,,121,CAUTION,116,CAUTION,64,MODERATE,125,CAUTION,DNA,,131,CAUTION,149,CAUTION,148,CAUTION,DNA,,184,UNHEALTHY
4/27/2024,112,CAUTION,148,CAUTION,DNA,,121,CAUTION,116,CAUTION,64,MODERATE,125,CAUTION,DNA,,131,CAUTION,149,CAUTION,148,CAUTION,DNA,,184,UNHEALTHY
3/25/2024,171,UNHEALTHY,151,UNHEALTHY,156,UNHEALTHY,131,CAUTION,95,MODERATE,86,MODERATE,101,CAUTION,92,MODERATE,166,UNHEALTHY,169,UNHEALTHY,155,UNHEALTHY,142,CAUTION,198,UNHEALTHY
3/25/2024,171,UNHEALTHY,151,UNHEALTHY,156,UNHEALTHY,131,CAUTION,95,MODERATE,86,MODERATE,101,CAUTION,92,MODERATE,166,UNHEALTHY,169,UNHEALTHY,155,UNHEALTHY,142,CAUTION,198,UNHEALTHY
3/11/2024,193,UNHEALTHY,152,UNHEALTHY,214,Very Unhealthy,222,Very Unhealthy,DNA,,152,UNHEALTHY,185,UNHEALTHY,102,CAUTION,212,Very Unhealthy,199,UNHEALTHY,212,Very Unhealthy,178,UNHEALTHY,223,Very Unhealthy
3/11/2024,193,UNHEALTHY,152,UNHEALTHY,214,Very Unhealthy,222,Very Unhealthy,DNA,,152,UNHEALTHY,185,UNHEALTHY,102,CAUTION,212,Very Unhealthy,199,UNHEALTHY,212,Very Unhealthy,178,UNHEALTHY,223,Very Unhealthy
4/11/2024,166,UNHEALTHY,154,UNHEALTHY,DNA,,DNA,,108,CAUTION,26,GOOD,199,UNHEALTHY,165,UNHEALTHY,194,UNHEALTHY,DNA,,197,UNHEALTHY,167,UNHEALTHY,258,Very Unhealthy
4/11/2024,166,UNHEALTHY,154,UNHEALTHY,DNA,,DNA,,108,CAUTION,26,GOOD,199,UNHEALTHY,165,UNHEALTHY,194,UNHEALTHY,DNA,,197,UNHEALTHY,167,UNHEALTHY,258,Very Unhealthy
4/28/2024,147,CAUTION,155,UNHEALTHY,DNA,,DNA,,67,MODERATE,112,CAUTION,151,UNHEALTHY,DNA,,158,UNHEALTHY,188,UNHEALTHY,162,UNHEALTHY,DNA,,232,Very Unhealthy
4/28/2024,147,CAUTION,155,UNHEALTHY,DNA,,DNA,,67,MODERATE,112,CAUTION,151,UNHEALTHY,DNA,,158,UNHEALTHY,188,UNHEALTHY,162,UNHEALTHY,DNA,,232,Very Unhealthy
4/13/2024,193,UNHEALTHY,155,UNHEALTHY,DNA,,DNA,,118,CAUTION,165,UNHEALTHY,178,UNHEALTHY,160,UNHEALTHY,199,UNHEALTHY,DNA,,192,UNHEALTHY,DNA,,222,Very Unhealthy
4/13/2024,193,UNHEALTHY,155,UNHEALTHY,DNA,,DNA,,118,CAUTION,165,UNHEALTHY,178,UNHEALTHY,160,UNHEALTHY,199,UNHEALTHY,DNA,,192,UNHEALTHY,DNA,,222,Very Unhealthy
3/15/2024,161,UNHEALTHY,156,UNHEALTHY,DNA,,DNA,,DNA,,113,CAUTION,174,UNHEALTHY,DNA,,178,UNHEALTHY,DNA,,167,UNHEALTHY,162,UNHEALTHY,184,UNHEALTHY
3/15/2024,161,UNHEALTHY,156,UNHEALTHY,DNA,,DNA,,DNA,,113,CAUTION,174,UNHEALTHY,DNA,,178,UNHEALTHY,DNA,,167,UNHEALTHY,162,UNHEALTHY,184,UNHEALTHY
2/9/2024,178,UNHEALTHY,157,UNHEALTHY,182,UNHEALTHY,198,UNHEALTHY,121,CAUTION,187,UNHEALTHY,161,UNHEALTHY,163,UNHEALTHY,192,UNHEALTHY,62,MODERATE,184,UNHEALTHY,176,UNHEALTHY,215,Very Unhealthy
2/9/2024,178,UNHEALTHY,157,UNHEALTHY,182,UNHEALTHY,198,UNHEALTHY,121,CAUTION,187,UNHEALTHY,161,UNHEALTHY,163,UNHEALTHY,192,UNHEALTHY,62,MODERATE,184,UNHEALTHY,176,UNHEALTHY,215,Very Unhealthy
3/13/2024,139,CAUTION,159,UNHEALTHY,187,UNHEALTHY,173,UNHEALTHY,DNA,,134,CAUTION,162,UNHEALTHY,68,MODERATE,177,UNHEALTHY,244,Very Unhealthy,182,UNHEALTHY,175,UNHEALTHY,181,UNHEALTHY
3/13/2024,139,CAUTION,159,UNHEALTHY,187,UNHEALTHY,173,UNHEALTHY,DNA,,134,CAUTION,162,UNHEALTHY,68,MODERATE,177,UNHEALTHY,244,Very Unhealthy,182,UNHEALTHY,175,UNHEALTHY,181,UNHEALTHY
2/21/2024,188,UNHEALTHY,159,UNHEALTHY,183,UNHEALTHY,156,UNHEALTHY,130,CAUTION,135,CAUTION,179,UNHEALTHY,111,CAUTION,177,UNHEALTHY,240,Very Unhealthy,177,UNHEALTHY,175,UNHEALTHY,271,Very Unhealthy
2/21/2024,188,UNHEALTHY,159,UNHEALTHY,183,UNHEALTHY,156,UNHEALTHY,130,CAUTION,135,CAUTION,179,UNHEALTHY,111,CAUTION,177,UNHEALTHY,240,Very Unhealthy,177,UNHEALTHY,175,UNHEALTHY,271,Very Unhealthy
4/12/2024,180,UNHEALTHY,159,UNHEALTHY,DNA,,DNA,,102,CAUTION,159,UNHEALTHY,169,UNHEALTHY,163,UNHEALTHY,187,UNHEALTHY,DNA,,173,UNHEALTHY,168,UNHEALTHY,198,UNHEALTHY
4/12/2024,180,UNHEALTHY,159,UNHEALTHY,DNA,,DNA,,102,CAUTION,159,UNHEALTHY,169,UNHEALTHY,163,UNHEALTHY,187,UNHEALTHY,DNA,,173,UNHEALTHY,168,UNHEALTHY,198,UNHEALTHY
3/18/2024,196,UNHEALTHY,163,UNHEALTHY,209,Very Unhealthy,279,Very Unhealthy,DNA,,171,UNHEALTHY,181,UNHEALTHY,DNA,,222,Very Unhealthy,186,UNHEALTHY,209,Very Unhealthy,189,UNHEALTHY,182,UNHEALTHY
3/18/2024,196,UNHEALTHY,163,UNHEALTHY,209,Very Unhealthy,279,Very Unhealthy,DNA,,171,UNHEALTHY,181,UNHEALTHY,DNA,,222,Very Unhealthy,186,UNHEALTHY,209,Very Unhealthy,189,UNHEALTHY,182,UNHEALTHY
2/29/2024,230,Very Unhealthy,164,UNHEALTHY,226,Very Unhealthy,276,Very Unhealthy,DNA,,220,Very Unhealthy,147,CAUTION,163,UNHEALTHY,244,Very Unhealthy,307,Extremely Unhealthy,300,Very Unhealthy,202,Very Unhealthy,233,Very Unhealthy
2/29/2024,230,Very Unhealthy,164,UNHEALTHY,226,Very Unhealthy,276,Very Unhealthy,DNA,,220,Very Unhealthy,147,CAUTION,163,UNHEALTHY,244,Very Unhealthy,307,Extremely Unhealthy,300,Very Unhealthy,202,Very Unhealthy,233,Very Unhealthy
2/8/2024,179,UNHEALTHY,164,UNHEALTHY,186,UNHEALTHY,199,UNHEALTHY,151,UNHEALTHY,170,UNHEALTHY,161,UNHEALTHY,165,UNHEALTHY,178,UNHEALTHY,86,MODERATE,216,Very Unhealthy,186,UNHEALTHY,233,Very Unhealthy
2/8/2024,179,UNHEALTHY,164,UNHEALTHY,186,UNHEALTHY,199,UNHEALTHY,151,UNHEALTHY,170,UNHEALTHY,161,UNHEALTHY,165,UNHEALTHY,178,UNHEALTHY,86,MODERATE,216,Very Unhealthy,186,UNHEALTHY,233,Very Unhealthy
4/10/2024,196,UNHEALTHY,165,UNHEALTHY,187,UNHEALTHY,DNA,,98,MODERATE,27,GOOD,226,Very Unhealthy,173,UNHEALTHY,231,Very Unhealthy,179,UNHEALTHY,270,Very Unhealthy,185,UNHEALTHY,246,Very Unhealthy
4/10/2024,196,UNHEALTHY,165,UNHEALTHY,187,UNHEALTHY,DNA,,98,MODERATE,27,GOOD,226,Very Unhealthy,173,UNHEALTHY,231,Very Unhealthy,179,UNHEALTHY,270,Very Unhealthy,185,UNHEALTHY,246,Very Unhealthy
4/16/2024,147,CAUTION,165,UNHEALTHY,119,CAUTION,154,UNHEALTHY,138,CAUTION,107,CAUTION,164,UNHEALTHY,120,CAUTION,165,UNHEALTHY,199,UNHEALTHY,219,Very Unhealthy,110,CAUTION,234,Very Unhealthy
4/16/2024,147,CAUTION,165,UNHEALTHY,119,CAUTION,154,UNHEALTHY,138,CAUTION,107,CAUTION,164,UNHEALTHY,120,CAUTION,165,UNHEALTHY,199,UNHEALTHY,219,Very Unhealthy,110,CAUTION,234,Very Unhealthy
2/15/2024,242,Very Unhealthy,168,UNHEALTHY,220,Very Unhealthy,259,Very Unhealthy,164,UNHEALTHY,173,UNHEALTHY,190,UNHEALTHY,181,UNHEALTHY,253,Very Unhealthy,277,Very Unhealthy,215,Very Unhealthy,266,Very Unhealthy,413,Extremely Unhealthy
2/15/2024,242,Very Unhealthy,168,UNHEALTHY,220,Very Unhealthy,259,Very Unhealthy,164,UNHEALTHY,173,UNHEALTHY,190,UNHEALTHY,181,UNHEALTHY,253,Very Unhealthy,277,Very Unhealthy,215,Very Unhealthy,266,Very Unhealthy,413,Extremely Unhealthy
3/19/2024,191,UNHEALTHY,170,UNHEALTHY,191,UNHEALTHY,293,Very Unhealthy,DNA,,211,Very Unhealthy,151,UNHEALTHY,DNA,,223,Very Unhealthy,214,Very Unhealthy,216,Very Unhealthy,179,UNHEALTHY,192,UNHEALTHY
3/19/2024,191,UNHEALTHY,170,UNHEALTHY,191,UNHEALTHY,293,Very Unhealthy,DNA,,211,Very Unhealthy,151,UNHEALTHY,DNA,,223,Very Unhealthy,214,Very Unhealthy,216,Very Unhealthy,179,UNHEALTHY,192,UNHEALTHY
2/14/2024,259,Very Unhealthy,172,UNHEALTHY,245,Very Unhealthy,310,Extremely Unhealthy,164,UNHEALTHY,207,Very Unhealthy,213,Very Unhealthy,198,UNHEALTHY,279,Very Unhealthy,261,Very Unhealthy,231,Very Unhealthy,242,Very Unhealthy,377,Extremely Unhealthy
2/14/2024,259,Very Unhealthy,172,UNHEALTHY,245,Very Unhealthy,310,Extremely Unhealthy,164,UNHEALTHY,207,Very Unhealthy,213,Very Unhealthy,198,UNHEALTHY,279,Very Unhealthy,261,Very Unhealthy,231,Very Unhealthy,242,Very Unhealthy,377,Extremely Unhealthy
4/14/2024,188,UNHEALTHY,172,UNHEALTHY,DNA,,DNA,,132,CAUTION,136,CAUTION,193,UNHEALTHY,162,UNHEALTHY,196,UNHEALTHY,DNA,,244,Very Unhealthy,192,UNHEALTHY,258,Very Unhealthy
4/14/2024,188,UNHEALTHY,172,UNHEALTHY,DNA,,DNA,,132,CAUTION,136,CAUTION,193,UNHEALTHY,162,UNHEALTHY,196,UNHEALTHY,DNA,,244,Very Unhealthy,192,UNHEALTHY,258,Very Unhealthy
2/18/2024,224,Very Unhealthy,174,UNHEALTHY,234,Very Unhealthy,306,Extremely Unhealthy,178,UNHEALTHY,183,UNHEALTHY,236,Very Unhealthy,175,UNHEALTHY,246,Very Unhealthy,248,Very Unhealthy,231,Very Unhealthy,242,Very Unhealthy,315,Extremely Unhealthy
2/18/2024,224,Very Unhealthy,174,UNHEALTHY,234,Very Unhealthy,306,Extremely Unhealthy,178,UNHEALTHY,183,UNHEALTHY,236,Very Unhealthy,175,UNHEALTHY,246,Very Unhealthy,248,Very Unhealthy,231,Very Unhealthy,242,Very Unhealthy,315,Extremely Unhealthy
2/10/2024,211,Very Unhealthy,174,UNHEALTHY,267,Very Unhealthy,272,Very Unhealthy,153,UNHEALTHY,170,UNHEALTHY,181,UNHEALTHY,171,UNHEALTHY,230,Very Unhealthy,69,MODERATE,234,Very Unhealthy,226,Very Unhealthy,DNA,
2/10/2024,211,Very Unhealthy,174,UNHEALTHY,267,Very Unhealthy,272,Very Unhealthy,153,UNHEALTHY,170,UNHEALTHY,181,UNHEALTHY,171,UNHEALTHY,230,Very Unhealthy,69,MODERATE,234,Very Unhealthy,226,Very Unhealthy,DNA,
2/19/2024,231,Very Unhealthy,176,UNHEALTHY,218,Very Unhealthy,230,Very Unhealthy,154,UNHEALTHY,168,UNHEALTHY,267,Very Unhealthy,160,UNHEALTHY,240,Very Unhealthy,253,Very Unhealthy,267,Very Unhealthy,211,Very Unhealthy,327,Extremely Unhealthy
2/19/2024,231,Very Unhealthy,176,UNHEALTHY,218,Very Unhealthy,230,Very Unhealthy,154,UNHEALTHY,168,UNHEALTHY,267,Very Unhealthy,160,UNHEALTHY,240,Very Unhealthy,253,Very Unhealthy,267,Very Unhealthy,211,Very Unhealthy,327,Extremely Unhealthy
3/20/2024,182,UNHEALTHY,177,UNHEALTHY,172,UNHEALTHY,181,UNHEALTHY,DNA,,129,CAUTION,151,UNHEALTHY,DNA,,197,UNHEALTHY,172,UNHEALTHY,236,Very Unhealthy,167,UNHEALTHY,167,UNHEALTHY
3/20/2024,182,UNHEALTHY,177,UNHEALTHY,172,UNHEALTHY,181,UNHEALTHY,DNA,,129,CAUTION,151,UNHEALTHY,DNA,,197,UNHEALTHY,172,UNHEALTHY,236,Very Unhealthy,167,UNHEALTHY,167,UNHEALTHY
2/13/2024,208,Very Unhealthy,177,UNHEALTHY,253,Very Unhealthy,312,Extremely Unhealthy,158,UNHEALTHY,200,UNHEALTHY,217,Very Unhealthy,172,UNHEALTHY,215,Very Unhealthy,235,Very Unhealthy,210,Very Unhealthy,224,Very Unhealthy,204,Very Unhealthy
2/13/2024,208,Very Unhealthy,177,UNHEALTHY,253,Very Unhealthy,312,Extremely Unhealthy,158,UNHEALTHY,200,UNHEALTHY,217,Very Unhealthy,172,UNHEALTHY,215,Very Unhealthy,235,Very Unhealthy,210,Very Unhealthy,224,Very Unhealthy,204,Very Unhealthy
3/17/2024,136,CAUTION,179,UNHEALTHY,DNA,,DNA,,DNA,,103,CAUTION,141,CAUTION,DNA,,167,UNHEALTHY,DNA,,171,UNHEALTHY,177,UNHEALTHY,180,UNHEALTHY
3/17/2024,136,CAUTION,179,UNHEALTHY,DNA,,DNA,,DNA,,103,CAUTION,141,CAUTION,DNA,,167,UNHEALTHY,DNA,,171,UNHEALTHY,177,UNHEALTHY,180,UNHEALTHY
1/29/2024,212,Very Unhealthy,179,UNHEALTHY,228,Very Unhealthy,242,Very Unhealthy,140,CAUTION,191,UNHEALTHY,243,Very Unhealthy,178,UNHEALTHY,219,Very Unhealthy,300,Very Unhealthy,259,Very Unhealthy,190,UNHEALTHY,354,Extremely Unhealthy
1/29/2024,212,Very Unhealthy,179,UNHEALTHY,228,Very Unhealthy,242,Very Unhealthy,140,CAUTION,191,UNHEALTHY,243,Very Unhealthy,178,UNHEALTHY,219,Very Unhealthy,300,Very Unhealthy,259,Very Unhealthy,190,UNHEALTHY,354,Extremely Unhealthy
2/17/2024,205,Very Unhealthy,180,UNHEALTHY,201,Very Unhealthy,283,Very Unhealthy,171,UNHEALTHY,169,UNHEALTHY,198,UNHEALTHY,173,UNHEALTHY,DNA,,205,Very Unhealthy,256,Very Unhealthy,DNA,,344,Extremely Unhealthy
2/17/2024,205,Very Unhealthy,180,UNHEALTHY,201,Very Unhealthy,283,Very Unhealthy,171,UNHEALTHY,169,UNHEALTHY,198,UNHEALTHY,173,UNHEALTHY,DNA,,205,Very Unhealthy,256,Very Unhealthy,DNA,,344,Extremely Unhealthy
2/16/2024,199,UNHEALTHY,182,UNHEALTHY,188,UNHEALTHY,231,Very Unhealthy,168,UNHEALTHY,170,UNHEALTHY,176,UNHEALTHY,176,UNHEALTHY,242,Very Unhealthy,221,Very Unhealthy,218,Very Unhealthy,194,UNHEALTHY,286,Very Unhealthy
2/16/2024,199,UNHEALTHY,182,UNHEALTHY,188,UNHEALTHY,231,Very Unhealthy,168,UNHEALTHY,170,UNHEALTHY,176,UNHEALTHY,176,UNHEALTHY,242,Very Unhealthy,221,Very Unhealthy,218,Very Unhealthy,194,UNHEALTHY,286,Very Unhealthy
4/15/2024,173,UNHEALTHY,182,UNHEALTHY,125,CAUTION,180,UNHEALTHY,135,CAUTION,162,UNHEALTHY,178,UNHEALTHY,150,CAUTION,184,UNHEALTHY,211,Very Unhealthy,225,Very Unhealthy,189,UNHEALTHY,219,Very Unhealthy
4/15/2024,173,UNHEALTHY,182,UNHEALTHY,125,CAUTION,180,UNHEALTHY,135,CAUTION,162,UNHEALTHY,178,UNHEALTHY,150,CAUTION,184,UNHEALTHY,211,Very Unhealthy,225,Very Unhealthy,189,UNHEALTHY,219,Very Unhealthy
2/1/2024,225,Very Unhealthy,183,UNHEALTHY,218,Very Unhealthy,247,Very Unhealthy,151,UNHEALTHY,154,UNHEALTHY,231,Very Unhealthy,173,UNHEALTHY,255,Very Unhealthy,DNA,,215,Very Unhealthy,198,UNHEALTHY,339,Extremely Unhealthy
2/2/2024,225,Very Unhealthy,183,UNHEALTHY,218,Very Unhealthy,247,Very Unhealthy,151,UNHEALTHY,154,UNHEALTHY,231,Very Unhealthy,173,UNHEALTHY,255,Very Unhealthy,198,UNHEALTHY,215,Very Unhealthy,198,UNHEALTHY,339,Extremely Unhealthy
2/1/2024,225,Very Unhealthy,183,UNHEALTHY,218,Very Unhealthy,247,Very Unhealthy,151,UNHEALTHY,154,UNHEALTHY,231,Very Unhealthy,173,UNHEALTHY,255,Very Unhealthy,DNA,,215,Very Unhealthy,198,UNHEALTHY,339,Extremely Unhealthy
2/2/2024,225,Very Unhealthy,183,UNHEALTHY,218,Very Unhealthy,247,Very Unhealthy,151,UNHEALTHY,154,UNHEALTHY,231,Very Unhealthy,173,UNHEALTHY,255,Very Unhealthy,198,UNHEALTHY,215,Very Unhealthy,198,UNHEALTHY,339,Extremely Unhealthy
2/20/2024,175,UNHEALTHY,184,UNHEALTHY,219,Very Unhealthy,170,UNHEALTHY,155,UNHEALTHY,147,CAUTION,229,Very Unhealthy,154,UNHEALTHY,229,Very Unhealthy,245,Very Unhealthy,247,Very Unhealthy,211,Very Unhealthy,332,Extremely Unhealthy
2/20/2024,175,UNHEALTHY,184,UNHEALTHY,219,Very Unhealthy,170,UNHEALTHY,155,UNHEALTHY,147,CAUTION,229,Very Unhealthy,154,UNHEALTHY,229,Very Unhealthy,245,Very Unhealthy,247,Very Unhealthy,211,Very Unhealthy,332,Extremely Unhealthy
1/30/2024,296,Very Unhealthy,184,UNHEALTHY,299,Very Unhealthy,353,Extremely Unhealthy,146,CAUTION,204,Very Unhealthy,238,Very Unhealthy,190,UNHEALTHY,297,Very Unhealthy,349,Extremely Unhealthy,260,Very Unhealthy,236,Very Unhealthy,370,Extremely Unhealthy
1/30/2024,296,Very Unhealthy,184,UNHEALTHY,299,Very Unhealthy,353,Extremely Unhealthy,146,CAUTION,204,Very Unhealthy,238,Very Unhealthy,190,UNHEALTHY,297,Very Unhealthy,349,Extremely Unhealthy,260,Very Unhealthy,236,Very Unhealthy,370,Extremely Unhealthy
1/25/2024,296,Very Unhealthy,185,UNHEALTHY,229,Very Unhealthy,348,Extremely Unhealthy,126,CAUTION,193,UNHEALTHY,221,Very Unhealthy,223,Very Unhealthy,294,Very Unhealthy,305,Extremely Unhealthy,244,Very Unhealthy,242,Very Unhealthy,303,Extremely Unhealthy
1/25/2024,296,Very Unhealthy,185,UNHEALTHY,229,Very Unhealthy,348,Extremely Unhealthy,126,CAUTION,193,UNHEALTHY,221,Very Unhealthy,223,Very Unhealthy,294,Very Unhealthy,305,Extremely Unhealthy,244,Very Unhealthy,242,Very Unhealthy,303,Extremely Unhealthy
1/19/2024,233,Very Unhealthy,187,UNHEALTHY,229,Very Unhealthy,323,Extremely Unhealthy,93,MODERATE,229,Very Unhealthy,190,UNHEALTHY,185,UNHEALTHY,231,Very Unhealthy,88,MODERATE,208,Very Unhealthy,210,Very Unhealthy,322,Extremely Unhealthy
1/19/2024,233,Very Unhealthy,187,UNHEALTHY,229,Very Unhealthy,323,Extremely Unhealthy,93,MODERATE,229,Very Unhealthy,190,UNHEALTHY,185,UNHEALTHY,231,Very Unhealthy,88,MODERATE,208,Very Unhealthy,210,Very Unhealthy,322,Extremely Unhealthy
2/5/2024,229,Very Unhealthy,187,UNHEALTHY,280,Very Unhealthy,231,Very Unhealthy,157,UNHEALTHY,178,UNHEALTHY,209,Very Unhealthy,167,UNHEALTHY,225,Very Unhealthy,187,UNHEALTHY,226,Very Unhealthy,216,Very Unhealthy,366,Extremely Unhealthy
2/5/2024,229,Very Unhealthy,187,UNHEALTHY,280,Very Unhealthy,231,Very Unhealthy,157,UNHEALTHY,178,UNHEALTHY,209,Very Unhealthy,167,UNHEALTHY,225,Very Unhealthy,187,UNHEALTHY,226,Very Unhealthy,216,Very Unhealthy,366,Extremely Unhealthy
1/28/2024,205,Very Unhealthy,188,UNHEALTHY,209,Very Unhealthy,280,Very Unhealthy,154,UNHEALTHY,182,UNHEALTHY,195,UNHEALTHY,181,UNHEALTHY,224,Very Unhealthy,260,Very Unhealthy,255,Very Unhealthy,202,Very Unhealthy,312,Extremely Unhealthy
1/28/2024,205,Very Unhealthy,188,UNHEALTHY,209,Very Unhealthy,280,Very Unhealthy,154,UNHEALTHY,182,UNHEALTHY,195,UNHEALTHY,181,UNHEALTHY,224,Very Unhealthy,260,Very Unhealthy,255,Very Unhealthy,202,Very Unhealthy,312,Extremely Unhealthy
1/31/2024,252,Very Unhealthy,190,UNHEALTHY,236,Very Unhealthy,253,Very Unhealthy,151,UNHEALTHY,161,UNHEALTHY,242,Very Unhealthy,181,UNHEALTHY,282,Very Unhealthy,294,Very Unhealthy,273,Very Unhealthy,216,Very Unhealthy,387,Extremely Unhealthy
1/31/2024,252,Very Unhealthy,190,UNHEALTHY,236,Very Unhealthy,253,Very Unhealthy,151,UNHEALTHY,161,UNHEALTHY,242,Very Unhealthy,181,UNHEALTHY,282,Very Unhealthy,294,Very Unhealthy,273,Very Unhealthy,216,Very Unhealthy,387,Extremely Unhealthy
3/12/2024,196,UNHEALTHY,191,UNHEALTHY,265,Very Unhealthy,231,Very Unhealthy,DNA,,147,CAUTION,204,Very Unhealthy,86,MODERATE,246,Very Unhealthy,230,Very Unhealthy,267,Very Unhealthy,223,Very Unhealthy,220,Very Unhealthy
3/12/2024,196,UNHEALTHY,191,UNHEALTHY,265,Very Unhealthy,231,Very Unhealthy,DNA,,147,CAUTION,204,Very Unhealthy,86,MODERATE,246,Very Unhealthy,230,Very Unhealthy,267,Very Unhealthy,223,Very Unhealthy,220,Very Unhealthy
1/20/2024,233,Very Unhealthy,191,UNHEALTHY,233,Very Unhealthy,299,Very Unhealthy,110,CAUTION,209,Very Unhealthy,223,Very Unhealthy,207,Very Unhealthy,223,Very Unhealthy,353,Extremely Unhealthy,239,Very Unhealthy,229,Very Unhealthy,364,Extremely Unhealthy
1/20/2024,233,Very Unhealthy,191,UNHEALTHY,233,Very Unhealthy,299,Very Unhealthy,110,CAUTION,209,Very Unhealthy,223,Very Unhealthy,207,Very Unhealthy,223,Very Unhealthy,353,Extremely Unhealthy,239,Very Unhealthy,229,Very Unhealthy,364,Extremely Unhealthy
1/26/2024,246,Very Unhealthy,191,UNHEALTHY,247,Very Unhealthy,295,Very Unhealthy,107,CAUTION,215,Very Unhealthy,195,UNHEALTHY,213,Very Unhealthy,262,Very Unhealthy,345,Extremely Unhealthy,222,Very Unhealthy,222,Very Unhealthy,337,Extremely Unhealthy
1/26/2024,246,Very Unhealthy,191,UNHEALTHY,247,Very Unhealthy,295,Very Unhealthy,107,CAUTION,215,Very Unhealthy,195,UNHEALTHY,213,Very Unhealthy,262,Very Unhealthy,345,Extremely Unhealthy,222,Very Unhealthy,222,Very Unhealthy,337,Extremely Unhealthy
2/6/2024,194,UNHEALTHY,196,UNHEALTHY,187,UNHEALTHY,242,Very Unhealthy,DNA,,173,UNHEALTHY,175,UNHEALTHY,163,UNHEALTHY,183,UNHEALTHY,189,UNHEALTHY,226,Very Unhealthy,190,UNHEALTHY,255,Very Unhealthy
3/3/2024,214,Very Unhealthy,196,UNHEALTHY,214,Very Unhealthy,263,Very Unhealthy,DNA,,181,UNHEALTHY,186,UNHEALTHY,171,UNHEALTHY,226,Very Unhealthy,324,Extremely Unhealthy,246,Very Unhealthy,188,UNHEALTHY,216,Very Unhealthy
3/4/2024,173,UNHEALTHY,196,UNHEALTHY,171,UNHEALTHY,247,Very Unhealthy,DNA,,161,UNHEALTHY,158,UNHEALTHY,166,UNHEALTHY,174,UNHEALTHY,213,Very Unhealthy,265,Very Unhealthy,158,UNHEALTHY,163,UNHEALTHY
2/6/2024,194,UNHEALTHY,196,UNHEALTHY,187,UNHEALTHY,242,Very Unhealthy,DNA,,173,UNHEALTHY,175,UNHEALTHY,163,UNHEALTHY,183,UNHEALTHY,189,UNHEALTHY,226,Very Unhealthy,190,UNHEALTHY,255,Very Unhealthy
3/3/2024,214,Very Unhealthy,196,UNHEALTHY,214,Very Unhealthy,263,Very Unhealthy,DNA,,181,UNHEALTHY,186,UNHEALTHY,171,UNHEALTHY,226,Very Unhealthy,324,Extremely Unhealthy,246,Very Unhealthy,188,UNHEALTHY,216,Very Unhealthy
3/4/2024,173,UNHEALTHY,196,UNHEALTHY,171,UNHEALTHY,247,Very Unhealthy,DNA,,161,UNHEALTHY,158,UNHEALTHY,166,UNHEALTHY,174,UNHEALTHY,213,Very Unhealthy,265,Very Unhealthy,158,UNHEALTHY,163,UNHEALTHY
2/11/2024,250,Very Unhealthy,196,UNHEALTHY,197,UNHEALTHY,242,Very Unhealthy,153,UNHEALTHY,193,UNHEALTHY,198,UNHEALTHY,175,UNHEALTHY,218,Very Unhealthy,193,UNHEALTHY,259,Very Unhealthy,236,Very Unhealthy,281,Very Unhealthy
2/11/2024,250,Very Unhealthy,196,UNHEALTHY,197,UNHEALTHY,242,Very Unhealthy,153,UNHEALTHY,193,UNHEALTHY,198,UNHEALTHY,175,UNHEALTHY,218,Very Unhealthy,193,UNHEALTHY,259,Very Unhealthy,236,Very Unhealthy,281,Very Unhealthy
2/4/2024,217,Very Unhealthy,201,Very Unhealthy,269,Very Unhealthy,228,Very Unhealthy,159,UNHEALTHY,167,UNHEALTHY,276,Very Unhealthy,163,UNHEALTHY,213,Very Unhealthy,190,UNHEALTHY,227,Very Unhealthy,194,UNHEALTHY,321,Extremely Unhealthy
2/4/2024,217,Very Unhealthy,201,Very Unhealthy,269,Very Unhealthy,228,Very Unhealthy,159,UNHEALTHY,167,UNHEALTHY,276,Very Unhealthy,163,UNHEALTHY,213,Very Unhealthy,190,UNHEALTHY,227,Very Unhealthy,194,UNHEALTHY,321,Extremely Unhealthy
2/7/2024,181,UNHEALTHY,207,Very Unhealthy,190,UNHEALTHY,241,Very Unhealthy,157,UNHEALTHY,177,UNHEALTHY,157,UNHEALTHY,161,UNHEALTHY,186,UNHEALTHY,184,UNHEALTHY,224,Very Unhealthy,188,UNHEALTHY,196,UNHEALTHY
2/7/2024,181,UNHEALTHY,207,Very Unhealthy,190,UNHEALTHY,241,Very Unhealthy,157,UNHEALTHY,177,UNHEALTHY,157,UNHEALTHY,161,UNHEALTHY,186,UNHEALTHY,184,UNHEALTHY,224,Very Unhealthy,188,UNHEALTHY,196,UNHEALTHY
2/3/2024,204,Very Unhealthy,209,Very Unhealthy,215,Very Unhealthy,202,Very Unhealthy,157,UNHEALTHY,179,UNHEALTHY,188,UNHEALTHY,159,UNHEALTHY,200,UNHEALTHY,193,UNHEALTHY,186,UNHEALTHY,189,UNHEALTHY,272,Very Unhealthy
2/3/2024,204,Very Unhealthy,209,Very Unhealthy,215,Very Unhealthy,202,Very Unhealthy,157,UNHEALTHY,179,UNHEALTHY,188,UNHEALTHY,159,UNHEALTHY,200,UNHEALTHY,193,UNHEALTHY,186,UNHEALTHY,189,UNHEALTHY,272,Very Unhealthy
2/12/2024,202,Very Unhealthy,224,Very Unhealthy,236,Very Unhealthy,269,Very Unhealthy,163,UNHEALTHY,219,Very Unhealthy,216,Very Unhealthy,178,UNHEALTHY,208,Very Unhealthy,171,UNHEALTHY,282,Very Unhealthy,226,Very Unhealthy,272,Very Unhealthy
2/12/2024,202,Very Unhealthy,224,Very Unhealthy,236,Very Unhealthy,269,Very Unhealthy,163,UNHEALTHY,219,Very Unhealthy,216,Very Unhealthy,178,UNHEALTHY,208,Very Unhealthy,171,UNHEALTHY,282,Very Unhealthy,226,Very Unhealthy,272,Very Unhealthy
1/22/2024,233,Very Unhealthy,227,Very Unhealthy,244,Very Unhealthy,297,Very Unhealthy,123,CAUTION,182,UNHEALTHY,192,UNHEALTHY,204,Very Unhealthy,241,Very Unhealthy,268,Very Unhealthy,288,Very Unhealthy,257,Very Unhealthy,300,Very Unhealthy
1/22/2024,233,Very Unhealthy,227,Very Unhealthy,244,Very Unhealthy,297,Very Unhealthy,123,CAUTION,182,UNHEALTHY,192,UNHEALTHY,204,Very Unhealthy,241,Very Unhealthy,268,Very Unhealthy,288,Very Unhealthy,257,Very Unhealthy,300,Very Unhealthy
1/23/2024,251,Very Unhealthy,231,Very Unhealthy,262,Very Unhealthy,419,Extremely Unhealthy,150,CAUTION,223,Very Unhealthy,202,Very Unhealthy,223,Very Unhealthy,261,Very Unhealthy,297,Very Unhealthy,252,Very Unhealthy,212,Very Unhealthy,358,Extremely Unhealthy
1/23/2024,251,Very Unhealthy,231,Very Unhealthy,262,Very Unhealthy,419,Extremely Unhealthy,150,CAUTION,223,Very Unhealthy,202,Very Unhealthy,223,Very Unhealthy,261,Very Unhealthy,297,Very Unhealthy,252,Very Unhealthy,212,Very Unhealthy,358,Extremely Unhealthy
1/27/2024,242,Very Unhealthy,234,Very Unhealthy,225,Very Unhealthy,302,Extremely Unhealthy,156,UNHEALTHY,246,Very Unhealthy,195,UNHEALTHY,184,UNHEALTHY,241,Very Unhealthy,306,Extremely Unhealthy,256,Very Unhealthy,209,Very Unhealthy,310,Extremely Unhealthy
1/27/2024,242,Very Unhealthy,234,Very Unhealthy,225,Very Unhealthy,302,Extremely Unhealthy,156,UNHEALTHY,246,Very Unhealthy,195,UNHEALTHY,184,UNHEALTHY,241,Very Unhealthy,306,Extremely Unhealthy,256,Very Unhealthy,209,Very Unhealthy,310,Extremely Unhealthy
1/21/2024,244,Very Unhealthy,237,Very Unhealthy,236,Very Unhealthy,329,Extremely Unhealthy,136,CAUTION,286,Very Unhealthy,184,UNHEALTHY,207,Very Unhealthy,242,Very Unhealthy,273,Very Unhealthy,244,Very Unhealthy,220,Very Unhealthy,313,Extremely Unhealthy
1/21/2024,244,Very Unhealthy,237,Very Unhealthy,236,Very Unhealthy,329,Extremely Unhealthy,136,CAUTION,286,Very Unhealthy,184,UNHEALTHY,207,Very Unhealthy,242,Very Unhealthy,273,Very Unhealthy,244,Very Unhealthy,220,Very Unhealthy,313,Extremely Unhealthy
5/26/2024,74,MODERATE,24,GOOD,46,GOOD,DNA,,43,GOOD,DNA,,56,MODERATE,91,MODERATE,68,MODERATE,124,CAUTION,50,GOOD,110,CAUTION,117,CAUTION
5/26/2024,74,MODERATE,24,GOOD,46,GOOD,DNA,,43,GOOD,DNA,,56,MODERATE,91,MODERATE,68,MODERATE,124,CAUTION,50,GOOD,110,CAUTION,117,CAUTION
1/24/2024,261,Very Unhealthy,243,Very Unhealthy,207,Very Unhealthy,266,Very Unhealthy,126,CAUTION,226,Very Unhealthy,224,Very Unhealthy,253,Very Unhealthy,241,Very Unhealthy,337,Extremely Unhealthy,204,Very Unhealthy,230,Very Unhealthy,366,Extremely Unhealthy
1/24/2024,261,Very Unhealthy,243,Very Unhealthy,207,Very Unhealthy,266,Very Unhealthy,126,CAUTION,226,Very Unhealthy,224,Very Unhealthy,253,Very Unhealthy,241,Very Unhealthy,337,Extremely Unhealthy,204,Very Unhealthy,230,Very Unhealthy,366,Extremely Unhealthy
5/12/2024,149,CAUTION,43,GOOD,138,CAUTION,129,CAUTION,69,MODERATE,73,MODERATE,63,MODERATE,49,GOOD,57,MODERATE,166,UNHEALTHY,128,CAUTION,DNA,,156,UNHEALTHY
5/12/2024,149,CAUTION,43,GOOD,138,CAUTION,129,CAUTION,69,MODERATE,73,MODERATE,63,MODERATE,49,GOOD,57,MODERATE,166,UNHEALTHY,128,CAUTION,DNA,,156,UNHEALTHY
5/13/2024,143,CAUTION,45,GOOD,173,UNHEALTHY,DNA,,103,CAUTION,147,CAUTION,148,CAUTION,117,CAUTION,160,UNHEALTHY,189,UNHEALTHY,172,UNHEALTHY,DNA,,183,UNHEALTHY
5/13/2024,143,CAUTION,45,GOOD,173,UNHEALTHY,DNA,,103,CAUTION,147,CAUTION,148,CAUTION,117,CAUTION,160,UNHEALTHY,189,UNHEALTHY,172,UNHEALTHY,DNA,,183,UNHEALTHY
5/22/2024,136,CAUTION,54,MODERATE,140,CAUTION,DNA,,86,MODERATE,164,UNHEALTHY,104,CAUTION,87,MODERATE,153,UNHEALTHY,184,UNHEALTHY,140,CAUTION,165,UNHEALTHY,174,UNHEALTHY
5/22/2024,136,CAUTION,54,MODERATE,140,CAUTION,DNA,,86,MODERATE,164,UNHEALTHY,104,CAUTION,87,MODERATE,153,UNHEALTHY,184,UNHEALTHY,140,CAUTION,165,UNHEALTHY,174,UNHEALTHY
5/3/2024,150,CAUTION,58,MODERATE,159,UNHEALTHY,116,CAUTION,60,MODERATE,98,MODERATE,171,UNHEALTHY,101,CAUTION,162,UNHEALTHY,168,UNHEALTHY,DNA,,DNA,,168,UNHEALTHY
5/3/2024,150,CAUTION,58,MODERATE,159,UNHEALTHY,116,CAUTION,60,MODERATE,98,MODERATE,171,UNHEALTHY,101,CAUTION,162,UNHEALTHY,168,UNHEALTHY,DNA,,DNA,,168,UNHEALTHY
5/5/2024,104,CAUTION,58,MODERATE,108,CAUTION,DNA,,59,MODERATE,119,CAUTION,118,CAUTION,40,GOOD,121,CAUTION,104,CAUTION,116,CAUTION,DNA,,163,UNHEALTHY
5/5/2024,104,CAUTION,58,MODERATE,108,CAUTION,DNA,,59,MODERATE,119,CAUTION,118,CAUTION,40,GOOD,121,CAUTION,104,CAUTION,116,CAUTION,DNA,,163,UNHEALTHY
5/1/2024,106,CAUTION,59,MODERATE,158,UNHEALTHY,102,CAUTION,71,MODERATE,87,MODERATE,153,UNHEALTHY,77,MODERATE,136,CAUTION,178,UNHEALTHY,127,CAUTION,DNA,,193,UNHEALTHY
5/1/2024,106,CAUTION,59,MODERATE,158,UNHEALTHY,102,CAUTION,71,MODERATE,87,MODERATE,153,UNHEALTHY,77,MODERATE,136,CAUTION,178,UNHEALTHY,127,CAUTION,DNA,,193,UNHEALTHY
5/2/2024,126,CAUTION,61,MODERATE,153,UNHEALTHY,116,CAUTION,58,MODERATE,108,CAUTION,163,UNHEALTHY,80,MODERATE,142,CAUTION,171,UNHEALTHY,144,CAUTION,DNA,,179,UNHEALTHY
5/2/2024,126,CAUTION,61,MODERATE,153,UNHEALTHY,116,CAUTION,58,MODERATE,108,CAUTION,163,UNHEALTHY,80,MODERATE,142,CAUTION,171,UNHEALTHY,144,CAUTION,DNA,,179,UNHEALTHY
5/24/2024,162,UNHEALTHY,65,MODERATE,167,UNHEALTHY,DNA,,72,MODERATE,DNA,,164,UNHEALTHY,70,MODERATE,156,UNHEALTHY,164,UNHEALTHY,70,MODERATE,165,UNHEALTHY,239,Very Unhealthy
5/24/2024,162,UNHEALTHY,65,MODERATE,167,UNHEALTHY,DNA,,72,MODERATE,DNA,,164,UNHEALTHY,70,MODERATE,156,UNHEALTHY,164,UNHEALTHY,70,MODERATE,165,UNHEALTHY,239,Very Unhealthy
5/4/2024,126,CAUTION,68,MODERATE,181,UNHEALTHY,120,CAUTION,DNA,,75,MODERATE,166,UNHEALTHY,64,MODERATE,151,UNHEALTHY,170,UNHEALTHY,DNA,,DNA,,193,UNHEALTHY
5/4/2024,126,CAUTION,68,MODERATE,181,UNHEALTHY,120,CAUTION,DNA,,75,MODERATE,166,UNHEALTHY,64,MODERATE,151,UNHEALTHY,170,UNHEALTHY,DNA,,DNA,,193,UNHEALTHY
5/27/2024,73,MODERATE,70,MODERATE,88,MODERATE,DNA,,48,GOOD,34,GOOD,42,GOOD,DNA,,50,GOOD,66,MODERATE,79,MODERATE,99,MODERATE,77,MODERATE
5/27/2024,73,MODERATE,70,MODERATE,88,MODERATE,DNA,,48,GOOD,34,GOOD,42,GOOD,DNA,,50,GOOD,66,MODERATE,79,MODERATE,99,MODERATE,77,MODERATE
5/21/2024,111,CAUTION,70,MODERATE,168,UNHEALTHY,DNA,,44,GOOD,111,CAUTION,122,CAUTION,71,MODERATE,112,CAUTION,173,UNHEALTHY,56,MODERATE,141,CAUTION,161,UNHEALTHY
5/21/2024,111,CAUTION,70,MODERATE,168,UNHEALTHY,DNA,,44,GOOD,111,CAUTION,122,CAUTION,71,MODERATE,112,CAUTION,173,UNHEALTHY,56,MODERATE,141,CAUTION,161,UNHEALTHY
5/31/2024,113,CAUTION,74,MODERATE,151,UNHEALTHY,100,MODERATE,64,MODERATE,DNA,,83,MODERATE,DNA,,DNA,,78,MODERATE,185,UNHEALTHY,114,CAUTION,152,UNHEALTHY
5/31/2024,113,CAUTION,74,MODERATE,151,UNHEALTHY,100,MODERATE,64,MODERATE,DNA,,83,MODERATE,DNA,,DNA,,78,MODERATE,185,UNHEALTHY,114,CAUTION,152,UNHEALTHY
5/28/2024,108,CAUTION,75,MODERATE,126,CAUTION,DNA,,52,MODERATE,104,CAUTION,78,MODERATE,27,GOOD,55,MODERATE,70,MODERATE,57,MODERATE,86,MODERATE,105,CAUTION
5/28/2024,108,CAUTION,75,MODERATE,126,CAUTION,DNA,,52,MODERATE,104,CAUTION,78,MODERATE,27,GOOD,55,MODERATE,70,MODERATE,57,MODERATE,86,MODERATE,105,CAUTION
5/30/2024,121,CAUTION,78,MODERATE,144,CAUTION,101,CAUTION,63,MODERATE,DNA,,102,CAUTION,DNA,,112,CAUTION,116,CAUTION,214,Very Unhealthy,126,CAUTION,102,CAUTION
5/30/2024,121,CAUTION,78,MODERATE,144,CAUTION,101,CAUTION,63,MODERATE,DNA,,102,CAUTION,DNA,,112,CAUTION,116,CAUTION,214,Very Unhealthy,126,CAUTION,102,CAUTION
5/10/2024,166,UNHEALTHY,82,MODERATE,145,CAUTION,151,UNHEALTHY,63,MODERATE,55,MODERATE,67,MODERATE,47,GOOD,DNA,,164,UNHEALTHY,152,UNHEALTHY,DNA,,175,UNHEALTHY
5/10/2024,166,UNHEALTHY,82,MODERATE,145,CAUTION,151,UNHEALTHY,63,MODERATE,55,MODERATE,67,MODERATE,47,GOOD,DNA,,164,UNHEALTHY,152,UNHEALTHY,DNA,,175,UNHEALTHY
4/5/2024,145,CAUTION,82,MODERATE,156,UNHEALTHY,DNA,,62,MODERATE,88,MODERATE,162,UNHEALTHY,86,MODERATE,161,UNHEALTHY,167,UNHEALTHY,157,UNHEALTHY,150,CAUTION,213,Very Unhealthy
4/5/2024,145,CAUTION,82,MODERATE,156,UNHEALTHY,DNA,,62,MODERATE,88,MODERATE,162,UNHEALTHY,86,MODERATE,161,UNHEALTHY,167,UNHEALTHY,157,UNHEALTHY,150,CAUTION,213,Very Unhealthy
5/29/2024,122,CAUTION,84,MODERATE,146,CAUTION,120,CAUTION,60,MODERATE,DNA,,103,CAUTION,DNA,,151,UNHEALTHY,150,CAUTION,112,CAUTION,236,Very Unhealthy,225,Very Unhealthy
5/29/2024,122,CAUTION,84,MODERATE,146,CAUTION,120,CAUTION,60,MODERATE,DNA,,103,CAUTION,DNA,,151,UNHEALTHY,150,CAUTION,112,CAUTION,236,Very Unhealthy,225,Very Unhealthy
5/16/2024,122,CAUTION,91,MODERATE,176,UNHEALTHY,145,CAUTION,168,UNHEALTHY,DNA,,195,UNHEALTHY,72,MODERATE,158,UNHEALTHY,200,UNHEALTHY,172,UNHEALTHY,176,UNHEALTHY,206,Very Unhealthy
5/16/2024,122,CAUTION,91,MODERATE,176,UNHEALTHY,145,CAUTION,168,UNHEALTHY,DNA,,195,UNHEALTHY,72,MODERATE,158,UNHEALTHY,200,UNHEALTHY,172,UNHEALTHY,176,UNHEALTHY,206,Very Unhealthy
5/6/2024,119,CAUTION,95,MODERATE,83,MODERATE,121,CAUTION,58,MODERATE,97,MODERATE,119,CAUTION,49,GOOD,108,CAUTION,106,CAUTION,89,MODERATE,DNA,,164,UNHEALTHY
5/6/2024,119,CAUTION,95,MODERATE,83,MODERATE,121,CAUTION,58,MODERATE,97,MODERATE,119,CAUTION,49,GOOD,108,CAUTION,106,CAUTION,89,MODERATE,DNA,,164,UNHEALTHY
4/22/2024,134,CAUTION,96,MODERATE,DNA,,DNA,,86,MODERATE,94,MODERATE,172,UNHEALTHY,93,MODERATE,153,UNHEALTHY,199,UNHEALTHY,159,UNHEALTHY,DNA,,195,UNHEALTHY
4/22/2024,134,CAUTION,96,MODERATE,DNA,,DNA,,86,MODERATE,94,MODERATE,172,UNHEALTHY,93,MODERATE,153,UNHEALTHY,199,UNHEALTHY,159,UNHEALTHY,DNA,,195,UNHEALTHY
4/21/2024,108,CAUTION,96,MODERATE,DNA,,DNA,,63,MODERATE,104,CAUTION,168,UNHEALTHY,104,CAUTION,113,CAUTION,173,UNHEALTHY,140,CAUTION,DNA,,185,UNHEALTHY
4/21/2024,108,CAUTION,96,MODERATE,DNA,,DNA,,63,MODERATE,104,CAUTION,168,UNHEALTHY,104,CAUTION,113,CAUTION,173,UNHEALTHY,140,CAUTION,DNA,,185,UNHEALTHY
4/20/2024,119,CAUTION,99,MODERATE,DNA,,DNA,,61,MODERATE,82,MODERATE,207,Very Unhealthy,82,MODERATE,129,CAUTION,170,UNHEALTHY,DNA,,DNA,,179,UNHEALTHY
4/20/2024,119,CAUTION,99,MODERATE,DNA,,DNA,,61,MODERATE,82,MODERATE,207,Very Unhealthy,82,MODERATE,129,CAUTION,170,UNHEALTHY,DNA,,DNA,,179,UNHEALTHY
3/16/2024,174,UNHEALTHY,207,,DNA,,DNA,,DNA,,188,UNHEALTHY,163,UNHEALTHY,DNA,,173,UNHEALTHY,DNA,,182,UNHEALTHY,177,UNHEALTHY,193,UNHEALTHY
3/16/2024,174,UNHEALTHY,208,,DNA,,DNA,,DNA,,188,UNHEALTHY,163,UNHEALTHY,DNA,,173,UNHEALTHY,DNA,,182,UNHEALTHY,177,UNHEALTHY,193,UNHEALTHY
5/19/2024,168,UNHEALTHY,207,,143,CAUTION,124,CAUTION,96,MODERATE,DNA,,145,CAUTION,67,MODERATE,161,UNHEALTHY,174,UNHEALTHY,149,CAUTION,181,UNHEALTHY,155,UNHEALTHY
5/19/2024,168,UNHEALTHY,206,,143,CAUTION,124,CAUTION,96,MODERATE,DNA,,145,CAUTION,67,MODERATE,161,UNHEALTHY,174,UNHEALTHY,149,CAUTION,181,UNHEALTHY,155,UNHEALTHY
4/2/2024,145,CAUTION,82,,177,UNHEALTHY,DNA,,86,MODERATE,117,CAUTION,161,UNHEALTHY,140,CAUTION,159,UNHEALTHY,230,Very Unhealthy,150,CAUTION,144,CAUTION,182,UNHEALTHY
4/2/2024,145,CAUTION,83,,177,UNHEALTHY,DNA,,86,MODERATE,117,CAUTION,161,UNHEALTHY,140,CAUTION,159,UNHEALTHY,230,Very Unhealthy,150,CAUTION,144,CAUTION,182,UNHEALTHY
4/25/2024,146,CAUTION,84,,DNA,,140,CAUTION,82,MODERATE,80,MODERATE,161,UNHEALTHY,128,CAUTION,169,UNHEALTHY,205,Very Unhealthy,80,MODERATE,DNA,,191,UNHEALTHY
4/25/2024,146,CAUTION,85,,DNA,,140,CAUTION,82,MODERATE,80,MODERATE,161,UNHEALTHY,128,CAUTION,169,UNHEALTHY,205,Very Unhealthy,80,MODERATE,DNA,,191,UNHEALTHY
4/26/2024,145,CAUTION,86,,DNA,,124,CAUTION,80,MODERATE,56,MODERATE,165,UNHEALTHY,DNA,,161,UNHEALTHY,198,UNHEALTHY,161,UNHEALTHY,DNA,,203,Very Unhealthy
4/26/2024,145,CAUTION,87,,DNA,,124,CAUTION,80,MODERATE,56,MODERATE,165,UNHEALTHY,DNA,,161,UNHEALTHY,198,UNHEALTHY,161,UNHEALTHY,DNA,,203,Very Unhealthy
3/31/2024,119,CAUTION,88,,175,UNHEALTHY,97,MODERATE,64,MODERATE,87,MODERATE,168,UNHEALTHY,75,MODERATE,122,CAUTION,157,UNHEALTHY,129,CAUTION,122,CAUTION,240,Very Unhealthy
3/31/2024,119,CAUTION,89,,175,UNHEALTHY,97,MODERATE,64,MODERATE,87,MODERATE,168,UNHEALTHY,75,MODERATE,122,CAUTION,157,UNHEALTHY,129,CAUTION,122,CAUTION,240,Very Unhealthy
4/1/2024,145,CAUTION,90,,131,CAUTION,83,MODERATE,61,MODERATE,125,CAUTION,171,UNHEALTHY,101,CAUTION,138,CAUTION,159,UNHEALTHY,139,CAUTION,147,CAUTION,190,UNHEALTHY
4/3/2024,137,CAUTION,91,,DNA,,151,UNHEALTHY,61,MODERATE,106,CAUTION,127,CAUTION,127,CAUTION,159,UNHEALTHY,205,Very Unhealthy,155,UNHEALTHY,144,CAUTION,242,Very Unhealthy
4/1/2024,145,CAUTION,92,,131,CAUTION,83,MODERATE,61,MODERATE,125,CAUTION,171,UNHEALTHY,101,CAUTION,138,CAUTION,159,UNHEALTHY,139,CAUTION,147,CAUTION,190,UNHEALTHY
4/3/2024,137,CAUTION,93,,DNA,,151,UNHEALTHY,61,MODERATE,106,CAUTION,127,CAUTION,127,CAUTION,159,UNHEALTHY,205,Very Unhealthy,155,UNHEALTHY,144,CAUTION,242,Very Unhealthy
4/8/2024,165,UNHEALTHY,207,,197,UNHEALTHY,DNA,,175,UNHEALTHY,118,CAUTION,140,CAUTION,117,CAUTION,174,UNHEALTHY,182,UNHEALTHY,194,UNHEALTHY,177,UNHEALTHY,220,Very Unhealthy
4/8/2024,165,UNHEALTHY,207,,197,UNHEALTHY,DNA,,175,UNHEALTHY,118,CAUTION,140,CAUTION,117,CAUTION,174,UNHEALTHY,182,UNHEALTHY,194,UNHEALTHY,177,UNHEALTHY,220,Very Unhealthy
5/18/2024,117,CAUTION,82,,151,UNHEALTHY,88,MODERATE,107,CAUTION,DNA,,122,CAUTION,74,MODERATE,110,CAUTION,150,CAUTION,154,UNHEALTHY,178,UNHEALTHY,160,UNHEALTHY
5/18/2024,117,CAUTION,83,,151,UNHEALTHY,88,MODERATE,107,CAUTION,DNA,,122,CAUTION,74,MODERATE,110,CAUTION,150,CAUTION,154,UNHEALTHY,178,UNHEALTHY,160,UNHEALTHY